{"cameraMode":{"drawMode":0,"name":"Shaded","section":"Shading Mode"},"sceneLighting":false,"audioPlay":false,"sceneViewState":{"m_AlwaysRefresh":false,"showFog":true,"showSkybox":false,"showFlares":true,"showImageEffects":true,"showParticleSystems":true,"showVisualEffectGraphs":true,"m_FxEnabled":true},"in2DMode":false,"pivot":{"x":7.260000228881836,"y":0.5934890508651733,"z":3.474208116531372},"rotation":{"x":0.002882450819015503,"y":-0.9818838834762573,"z":0.19026711583137513,"w":0.014313829131424427},"size":0.8411785364151001,"orthographic":false}